<?xml version="1.0" encoding="UTF-8"?>
<root>
    <plists>
        <plist>bomb.plist</plist>
    </plists>
    <animations>
        <animation>
            <name>Idle</name>
            <delay>0.4</delay>
            <flipX>false</flipX>
            <flipY>false</flipY>
            <spriteFrame>male_standby_front01.png</spriteFrame>
            <spriteFrame>male_standby_front02.png</spriteFrame>
        </animation>
        <animation>
            <name>WalkL</name>
            <delay>0.1</delay>
            <flipX>false</flipX>
            <flipY>false</flipY>
            <spriteFrame>male_walk_L01.png</spriteFrame>
            <spriteFrame>male_walk_L02.png</spriteFrame>
            <spriteFrame>male_walk_L03.png</spriteFrame>
            <spriteFrame>male_walk_L04.png</spriteFrame>
            <spriteFrame>male_walk_L05.png</spriteFrame>
            <spriteFrame>male_walk_L06.png</spriteFrame>
            <spriteFrame>male_walk_L07.png</spriteFrame>
            <spriteFrame>male_walk_L08.png</spriteFrame>
        </animation>
		<animation>
            <name>WalkR</name>
            <delay>0.1</delay>
            <flipX>false</flipX>
            <flipY>false</flipY>
            <spriteFrame>male_walk_R01.png</spriteFrame>
            <spriteFrame>male_walk_R02.png</spriteFrame>
            <spriteFrame>male_walk_R03.png</spriteFrame>
            <spriteFrame>male_walk_R04.png</spriteFrame>
            <spriteFrame>male_walk_R05.png</spriteFrame>
            <spriteFrame>male_walk_R06.png</spriteFrame>
            <spriteFrame>male_walk_R07.png</spriteFrame>
            <spriteFrame>male_walk_R08.png</spriteFrame>
        </animation>
		<animation>
            <name>WalkF</name>
            <delay>0.2</delay>
            <flipX>false</flipX>
            <flipY>false</flipY>
            <spriteFrame>male_walk_front01.png</spriteFrame>
            <spriteFrame>male_walk_front02.png</spriteFrame>
            <spriteFrame>male_walk_front03.png</spriteFrame>
            <spriteFrame>male_walk_front04.png</spriteFrame>
        </animation>
		<animation>
            <name>WalkB</name>
            <delay>0.2</delay>
            <flipX>false</flipX>
            <flipY>false</flipY>
            <spriteFrame>male_walk_back01.png</spriteFrame>
            <spriteFrame>male_walk_back02.png</spriteFrame>
            <spriteFrame>male_walk_back03.png</spriteFrame>
            <spriteFrame>male_walk_back04.png</spriteFrame>
        </animation>
		<animation>
            <name>BombF</name>
            <delay>0.02</delay>
            <flipX>false</flipX>
            <flipY>false</flipY>
            <spriteFrame>male_bomb_front01.png</spriteFrame>
            <spriteFrame>male_bomb_front02.png</spriteFrame>
            <spriteFrame>male_bomb_front03.png</spriteFrame>
            <spriteFrame>male_bomb_front04.png</spriteFrame>
        </animation>
		<animation>
            <name>BombB</name>
            <delay>0.033</delay>
            <flipX>false</flipX>
            <flipY>false</flipY>
            <spriteFrame>male_bomb_back01.png</spriteFrame>
            <spriteFrame>male_bomb_back02.png</spriteFrame>
            <spriteFrame>male_bomb_back03.png</spriteFrame>
        </animation>
		<animation>
            <name>BombR</name>
            <delay>0.033</delay>
            <flipX>false</flipX>
            <flipY>false</flipY>
            <spriteFrame>male_bomb_R01.png</spriteFrame>
            <spriteFrame>male_bomb_R02.png</spriteFrame>
            <spriteFrame>male_bomb_R03.png</spriteFrame>
        </animation>
		<animation>
            <name>BombL</name>
            <delay>0.033</delay>
            <flipX>false</flipX>
            <flipY>false</flipY>
            <spriteFrame>male_bomb_L01.png</spriteFrame>
            <spriteFrame>male_bomb_L02.png</spriteFrame>
            <spriteFrame>male_bomb_L03.png</spriteFrame>
        </animation>
    </animations>
</root>
