<?xml version="1.0" encoding="UTF-8"?>
<root>
    <plists>
        <plist>KingPemguin.plist</plist>
    </plists>
    <animations>
        <animation>
            <name>Idle</name>
            <delay>0.033</delay>
            <flipX>false</flipX>
            <flipY>false</flipY>
            <spriteFrame>Penguin_Idle_0001.png</spriteFrame>
            <spriteFrame>Penguin_Idle_0002.png</spriteFrame>
            <spriteFrame>Penguin_Idle_0003.png</spriteFrame>
            <spriteFrame>Penguin_Idle_0004.png</spriteFrame>
            <spriteFrame>Penguin_Idle_0005.png</spriteFrame>
            <spriteFrame>Penguin_Idle_0006.png</spriteFrame>
            <spriteFrame>Penguin_Idle_0007.png</spriteFrame>
            <spriteFrame>Penguin_Idle_0008.png</spriteFrame>
            <spriteFrame>Penguin_Idle_0009.png</spriteFrame>
            <spriteFrame>Penguin_Idle_0010.png</spriteFrame>
            <spriteFrame>Penguin_Idle_0011.png</spriteFrame>
            <spriteFrame>Penguin_Idle_0012.png</spriteFrame>
            <spriteFrame>Penguin_Idle_0013.png</spriteFrame>
        </animation>
        <animation>
            <name>Idle2</name>
            <delay>0.033</delay>
            <flipX>false</flipX>
            <flipY>false</flipY>
            <spriteFrame>Penguin_Idle_0013.png</spriteFrame>
            <spriteFrame>Penguin_Idle_0014.png</spriteFrame>
            <spriteFrame>Penguin_Idle_0015.png</spriteFrame>
            <spriteFrame>Penguin_Idle_0016.png</spriteFrame>
            <spriteFrame>Penguin_Idle_0017.png</spriteFrame>
            <spriteFrame>Penguin_Idle_0018.png</spriteFrame>
            <spriteFrame>Penguin_Idle_0019.png</spriteFrame>
            <spriteFrame>Penguin_Idle_0020.png</spriteFrame>
            <spriteFrame>Penguin_Idle_0021.png</spriteFrame>
            <spriteFrame>Penguin_Idle_0022.png</spriteFrame>
            <spriteFrame>Penguin_Idle_0023.png</spriteFrame>
        </animation>
        <animation>
            <name>Attack</name>
            <delay>0.033</delay>
            <flipX>false</flipX>
            <flipY>false</flipY>
            <spriteFrame>Penguin_Attack_0001.png</spriteFrame>
            <spriteFrame>Penguin_Attack_0002.png</spriteFrame>
            <spriteFrame>Penguin_Attack_0003.png</spriteFrame>
            <spriteFrame>Penguin_Attack_0004.png</spriteFrame>
            <spriteFrame>Penguin_Attack_0005.png</spriteFrame>
            <spriteFrame>Penguin_Attack_0006.png</spriteFrame>
            <spriteFrame>Penguin_Attack_0007.png</spriteFrame>
            <spriteFrame>Penguin_Attack_0008.png</spriteFrame>
            <spriteFrame>Penguin_Attack_0009.png</spriteFrame>
            <spriteFrame>Penguin_Attack_0010.png</spriteFrame>
            <spriteFrame>Penguin_Attack_0011.png</spriteFrame>
            <spriteFrame>Penguin_Attack_0012.png</spriteFrame>
            <spriteFrame>Penguin_Attack_0013.png</spriteFrame>
            <spriteFrame>Penguin_Attack_0014.png</spriteFrame>
            <spriteFrame>Penguin_Attack_0015.png</spriteFrame>
            <spriteFrame>Penguin_Attack_0016.png</spriteFrame>
            <spriteFrame>Penguin_Attack_0017.png</spriteFrame>
            <spriteFrame>Penguin_Attack_0018.png</spriteFrame>
            <spriteFrame>Penguin_Attack_0019.png</spriteFrame>
            <spriteFrame>Penguin_Attack_0020.png</spriteFrame>
            <spriteFrame>Penguin_Attack_0021.png</spriteFrame>
            <spriteFrame>Penguin_Attack_0022.png</spriteFrame>
            <spriteFrame>Penguin_Attack_0023.png</spriteFrame>
            <spriteFrame>Penguin_Attack_0024.png</spriteFrame>
            <spriteFrame>Penguin_Attack_0025.png</spriteFrame>
            <spriteFrame>Penguin_Attack_0026.png</spriteFrame>
            <spriteFrame>Penguin_Attack_0027.png</spriteFrame>
            <spriteFrame>Penguin_Attack_0028.png</spriteFrame>
            <spriteFrame>Penguin_Attack_0029.png</spriteFrame>
            <spriteFrame>Penguin_Attack_0030.png</spriteFrame>
            <spriteFrame>Penguin_Attack_0031.png</spriteFrame>
            <spriteFrame>Penguin_Attack_0032.png</spriteFrame>
            <spriteFrame>Penguin_Attack_0033.png</spriteFrame>
            <spriteFrame>Penguin_Attack_0034.png</spriteFrame>
            <spriteFrame>Penguin_Attack_0035.png</spriteFrame>
            <spriteFrame>Penguin_Attack_0036.png</spriteFrame>
            <spriteFrame>Penguin_Attack_0037.png</spriteFrame>
            <spriteFrame>Penguin_Attack_0038.png</spriteFrame>
            <spriteFrame>Penguin_Attack_0039.png</spriteFrame>
            <spriteFrame>Penguin_Smile_0001.png</spriteFrame>
            <spriteFrame>Penguin_Smile_0002.png</spriteFrame>
            <spriteFrame>Penguin_Smile_0003.png</spriteFrame>
            <spriteFrame>Penguin_Smile_0004.png</spriteFrame>
            <spriteFrame>Penguin_Smile_0005.png</spriteFrame>
            <spriteFrame>Penguin_Smile_0006.png</spriteFrame>
            <spriteFrame>Penguin_Smile_0007.png</spriteFrame>
            <spriteFrame>Penguin_Smile_0008.png</spriteFrame>
            <spriteFrame>Penguin_Smile_0009.png</spriteFrame>
            <spriteFrame>Penguin_Smile_0010.png</spriteFrame>
            <spriteFrame>Penguin_Smile_0011.png</spriteFrame>
            <spriteFrame>Penguin_Smile_0012.png</spriteFrame>
            <spriteFrame>Penguin_Smile_0013.png</spriteFrame>
            <spriteFrame>Penguin_Smile_0014.png</spriteFrame>
            <spriteFrame>Penguin_Smile_0015.png</spriteFrame>
            <spriteFrame>Penguin_Smile_0016.png</spriteFrame>
            <spriteFrame>Penguin_Smile_0017.png</spriteFrame>
            <spriteFrame>Penguin_Smile_0018.png</spriteFrame>
            <spriteFrame>Penguin_Smile_0019.png</spriteFrame>
            <spriteFrame>Penguin_Smile_0020.png</spriteFrame>
            <spriteFrame>Penguin_Smile_0021.png</spriteFrame>
            <spriteFrame>Penguin_Smile_0022.png</spriteFrame>
            <spriteFrame>Penguin_Smile_0023.png</spriteFrame>
            <spriteFrame>Penguin_Smile_0024.png</spriteFrame>
            <spriteFrame>Penguin_Smile_0025.png</spriteFrame>
            <spriteFrame>Penguin_Smile_0026.png</spriteFrame>
            <spriteFrame>Penguin_Smile_0027.png</spriteFrame>
            <spriteFrame>Penguin_Smile_0028.png</spriteFrame>
        </animation>
    </animations>
</root>
