<?xml version="1.0" encoding="UTF-8"?>
<root>
    <plists>
        <plist>ani_prop08.plist</plist>
    </plists>
    <animations>
        <animation>
            <name>Idle</name>
            <delay>0.05</delay>
            <flipX>false</flipX>
            <flipY>false</flipY>
            <spriteFrame>ani_prop08_01.png</spriteFrame>
            <spriteFrame>ani_prop08_02.png</spriteFrame>
            <spriteFrame>ani_prop08_03.png</spriteFrame>
            <spriteFrame>ani_prop08_04.png</spriteFrame>
            <spriteFrame>ani_prop08_05.png</spriteFrame>
            <spriteFrame>ani_prop08_06.png</spriteFrame>
            <spriteFrame>ani_prop08_07.png</spriteFrame>
            <spriteFrame>ani_prop08_08.png</spriteFrame>
            <spriteFrame>ani_prop08_09.png</spriteFrame>
        </animation>
    </animations>
</root>
