<?xml version="1.0" encoding="UTF-8"?>
<root>
    <plists>
        <plist>ani_prop01.plist</plist>
    </plists>
    <animations>
        <animation>
            <name>Idle</name>
            <delay>0.05</delay>
            <flipX>false</flipX>
            <flipY>false</flipY>
            <spriteFrame>ani_prop01_01.png</spriteFrame>
            <spriteFrame>ani_prop01_02.png</spriteFrame>
            <spriteFrame>ani_prop01_03.png</spriteFrame>
            <spriteFrame>ani_prop01_04.png</spriteFrame>
            <spriteFrame>ani_prop01_05.png</spriteFrame>
            <spriteFrame>ani_prop01_06.png</spriteFrame>
            <spriteFrame>ani_prop01_07.png</spriteFrame>
            <spriteFrame>ani_prop01_08.png</spriteFrame>
            <spriteFrame>ani_prop01_09.png</spriteFrame>
        </animation>
    </animations>
</root>
