<?xml version="1.0" encoding="UTF-8"?>
<root>
    <plists>
        <plist>ani_bomb.plist</plist>
    </plists>
    <animations>
        <animation>
            <name>Idle</name>
            <delay>0.4</delay>
            <flipX>false</flipX>
            <flipY>false</flipY>
            <spriteFrame>ani_bomb_01.png</spriteFrame>
            <spriteFrame>ani_bomb_02.png</spriteFrame>
            <spriteFrame>ani_bomb_03.png</spriteFrame>
            <spriteFrame>ani_bomb_04.png</spriteFrame>
            <spriteFrame>ani_bomb_05.png</spriteFrame>
            <spriteFrame>ani_bomb_06.png</spriteFrame>
            <spriteFrame>ani_bomb_07.png</spriteFrame>
            <spriteFrame>ani_bomb_08.png</spriteFrame>
        </animation>
    </animations>
</root>
