<?xml version="1.0" encoding="UTF-8"?>
<root>
    <plists>
        <plist>ani_prop04.plist</plist>
    </plists>
    <animations>
        <animation>
            <name>Idle</name>
            <delay>0.05</delay>
            <flipX>false</flipX>
            <flipY>false</flipY>
            <spriteFrame>ani_prop04_01.png</spriteFrame>
            <spriteFrame>ani_prop04_02.png</spriteFrame>
            <spriteFrame>ani_prop04_03.png</spriteFrame>
            <spriteFrame>ani_prop04_04.png</spriteFrame>
            <spriteFrame>ani_prop04_05.png</spriteFrame>
            <spriteFrame>ani_prop04_06.png</spriteFrame>
            <spriteFrame>ani_prop04_07.png</spriteFrame>
            <spriteFrame>ani_prop04_08.png</spriteFrame>
            <spriteFrame>ani_prop04_09.png</spriteFrame>
        </animation>
    </animations>
</root>
