<?xml version="1.0" encoding="UTF-8"?>
<root>
    <plists>
        <plist>ani_prop07.plist</plist>
    </plists>
    <animations>
        <animation>
            <name>Idle</name>
            <delay>0.05</delay>
            <flipX>false</flipX>
            <flipY>false</flipY>
            <spriteFrame>ani_prop07_01.png</spriteFrame>
            <spriteFrame>ani_prop07_02.png</spriteFrame>
            <spriteFrame>ani_prop07_03.png</spriteFrame>
            <spriteFrame>ani_prop07_04.png</spriteFrame>
            <spriteFrame>ani_prop07_05.png</spriteFrame>
            <spriteFrame>ani_prop07_06.png</spriteFrame>
            <spriteFrame>ani_prop07_07.png</spriteFrame>
            <spriteFrame>ani_prop07_08.png</spriteFrame>
            <spriteFrame>ani_prop07_09.png</spriteFrame>
        </animation>
    </animations>
</root>
